value,dataset_name,description,expected_decision,mean,std,n
-1.4556256901479072,bimodal,"Bimodal: mix of N(-2,0.5) and N(2,0.5)",Reject normality,0.0003888040091605186,2.0452364417270528,300
-2.6147747972262083,bimodal,"Bimodal: mix of N(-2,0.5) and N(2,0.5)",Reject normality,0.0003888040091605186,2.0452364417270528,300
-1.7516503883817391,bimodal,"Bimodal: mix of N(-2,0.5) and N(2,0.5)",Reject normality,0.0003888040091605186,2.0452364417270528,300
-2.2326552283900267,bimodal,"Bimodal: mix of N(-2,0.5) and N(2,0.5)",Reject normality,0.0003888040091605186,2.0452364417270528,300
-2.052974177152068,bimodal,"Bimodal: mix of N(-2,0.5) and N(2,0.5)",Reject normality,0.0003888040091605186,2.0452364417270528,300
-0.6778283264914826,bimodal,"Bimodal: mix of N(-2,0.5) and N(2,0.5)",Reject normality,0.0003888040091605186,2.0452364417270528,300
-2.7514851641975766,bimodal,"Bimodal: mix of N(-2,0.5) and N(2,0.5)",Reject normality,0.0003888040091605186,2.0452364417270528,300
-1.8731301692527134,bimodal,"Bimodal: mix of N(-2,0.5) and N(2,0.5)",Reject normality,0.0003888040091605186,2.0452364417270528,300
-1.7661534141172834,bimodal,"Bimodal: mix of N(-2,0.5) and N(2,0.5)",Reject normality,0.0003888040091605186,2.0452364417270528,300
-1.4571068375303264,bimodal,"Bimodal: mix of N(-2,0.5) and N(2,0.5)",Reject normality,0.0003888040091605186,2.0452364417270528,300
-1.9510084232645524,bimodal,"Bimodal: mix of N(-2,0.5) and N(2,0.5)",Reject normality,0.0003888040091605186,2.0452364417270528,300
-1.845974730247949,bimodal,"Bimodal: mix of N(-2,0.5) and N(2,0.5)",Reject normality,0.0003888040091605186,2.0452364417270528,300
-2.195824283710895,bimodal,"Bimodal: mix of N(-2,0.5) and N(2,0.5)",Reject normality,0.0003888040091605186,2.0452364417270528,300
-1.8654365293774464,bimodal,"Bimodal: mix of N(-2,0.5) and N(2,0.5)",Reject normality,0.0003888040091605186,2.0452364417270528,300
-2.1715961377487054,bimodal,"Bimodal: mix of N(-2,0.5) and N(2,0.5)",Reject normality,0.0003888040091605186,2.0452364417270528,300
-1.6892140550719745,bimodal,"Bimodal: mix of N(-2,0.5) and N(2,0.5)",Reject normality,0.0003888040091605186,2.0452364417270528,300
-2.184805168021817,bimodal,"Bimodal: mix of N(-2,0.5) and N(2,0.5)",Reject normality,0.0003888040091605186,2.0452364417270528,300
-1.8114498030489068,bimodal,"Bimodal: mix of N(-2,0.5) and N(2,0.5)",Reject normality,0.0003888040091605186,2.0452364417270528,300
-2.014631406842489,bimodal,"Bimodal: mix of N(-2,0.5) and N(2,0.5)",Reject normality,0.0003888040091605186,2.0452364417270528,300
-1.436974874613916,bimodal,"Bimodal: mix of N(-2,0.5) and N(2,0.5)",Reject normality,0.0003888040091605186,2.0452364417270528,300
-2.025696861794243,bimodal,"Bimodal: mix of N(-2,0.5) and N(2,0.5)",Reject normality,0.0003888040091605186,2.0452364417270528,300
-2.886516234103441,bimodal,"Bimodal: mix of N(-2,0.5) and N(2,0.5)",Reject normality,0.0003888040091605186,2.0452364417270528,300
-1.3690392496430042,bimodal,"Bimodal: mix of N(-2,0.5) and N(2,0.5)",Reject normality,0.0003888040091605186,2.0452364417270528,300
-2.4528661504313094,bimodal,"Bimodal: mix of N(-2,0.5) and N(2,0.5)",Reject normality,0.0003888040091605186,2.0452364417270528,300
-2.32688316932441,bimodal,"Bimodal: mix of N(-2,0.5) and N(2,0.5)",Reject normality,0.0003888040091605186,2.0452364417270528,300
-2.297830647021746,bimodal,"Bimodal: mix of N(-2,0.5) and N(2,0.5)",Reject normality,0.0003888040091605186,2.0452364417270528,300
-1.3127809534145913,bimodal,"Bimodal: mix of N(-2,0.5) and N(2,0.5)",Reject normality,0.0003888040091605186,2.0452364417270528,300
-3.067837106989348,bimodal,"Bimodal: mix of N(-2,0.5) and N(2,0.5)",Reject normality,0.0003888040091605186,2.0452364417270528,300
-0.4311257331700027,bimodal,"Bimodal: mix of N(-2,0.5) and N(2,0.5)",Reject normality,0.0003888040091605186,2.0452364417270528,300
-1.471971595466974,bimodal,"Bimodal: mix of N(-2,0.5) and N(2,0.5)",Reject normality,0.0003888040091605186,2.0452364417270528,300
-1.8883805429354201,bimodal,"Bimodal: mix of N(-2,0.5) and N(2,0.5)",Reject normality,0.0003888040091605186,2.0452364417270528,300
-2.0274470003081433,bimodal,"Bimodal: mix of N(-2,0.5) and N(2,0.5)",Reject normality,0.0003888040091605186,2.0452364417270528,300
-1.8572229625711716,bimodal,"Bimodal: mix of N(-2,0.5) and N(2,0.5)",Reject normality,0.0003888040091605186,2.0452364417270528,300
-1.7394387858103308,bimodal,"Bimodal: mix of N(-2,0.5) and N(2,0.5)",Reject normality,0.0003888040091605186,2.0452364417270528,300
-1.6773922070249714,bimodal,"Bimodal: mix of N(-2,0.5) and N(2,0.5)",Reject normality,0.0003888040091605186,2.0452364417270528,300
-1.7221977669982758,bimodal,"Bimodal: mix of N(-2,0.5) and N(2,0.5)",Reject normality,0.0003888040091605186,2.0452364417270528,300
-1.9552096593723756,bimodal,"Bimodal: mix of N(-2,0.5) and N(2,0.5)",Reject normality,0.0003888040091605186,2.0452364417270528,300
-2.098669210153663,bimodal,"Bimodal: mix of N(-2,0.5) and N(2,0.5)",Reject normality,0.0003888040091605186,2.0452364417270528,300
-2.075636641826756,bimodal,"Bimodal: mix of N(-2,0.5) and N(2,0.5)",Reject normality,0.0003888040091605186,2.0452364417270528,300
-2.0974541401763407,bimodal,"Bimodal: mix of N(-2,0.5) and N(2,0.5)",Reject normality,0.0003888040091605186,2.0452364417270528,300
-1.4331149515664676,bimodal,"Bimodal: mix of N(-2,0.5) and N(2,0.5)",Reject normality,0.0003888040091605186,2.0452364417270528,300
-1.7032216388595691,bimodal,"Bimodal: mix of N(-2,0.5) and N(2,0.5)",Reject normality,0.0003888040091605186,2.0452364417270528,300
-3.4701943173321403,bimodal,"Bimodal: mix of N(-2,0.5) and N(2,0.5)",Reject normality,0.0003888040091605186,2.0452364417270528,300
-1.6720496117351196,bimodal,"Bimodal: mix of N(-2,0.5) and N(2,0.5)",Reject normality,0.0003888040091605186,2.0452364417270528,300
-1.9026319026406127,bimodal,"Bimodal: mix of N(-2,0.5) and N(2,0.5)",Reject normality,0.0003888040091605186,2.0452364417270528,300
-2.0093543782229486,bimodal,"Bimodal: mix of N(-2,0.5) and N(2,0.5)",Reject normality,0.0003888040091605186,2.0452364417270528,300
-2.194259226544443,bimodal,"Bimodal: mix of N(-2,0.5) and N(2,0.5)",Reject normality,0.0003888040091605186,2.0452364417270528,300
-1.4379436400069934,bimodal,"Bimodal: mix of N(-2,0.5) and N(2,0.5)",Reject normality,0.0003888040091605186,2.0452364417270528,300
-1.526236768938571,bimodal,"Bimodal: mix of N(-2,0.5) and N(2,0.5)",Reject normality,0.0003888040091605186,2.0452364417270528,300
-2.3864388339118046,bimodal,"Bimodal: mix of N(-2,0.5) and N(2,0.5)",Reject normality,0.0003888040091605186,2.0452364417270528,300
-1.7964738564377325,bimodal,"Bimodal: mix of N(-2,0.5) and N(2,0.5)",Reject normality,0.0003888040091605186,2.0452364417270528,300
-2.485828367270643,bimodal,"Bimodal: mix of N(-2,0.5) and N(2,0.5)",Reject normality,0.0003888040091605186,2.0452364417270528,300
-2.689809082394465,bimodal,"Bimodal: mix of N(-2,0.5) and N(2,0.5)",Reject normality,0.0003888040091605186,2.0452364417270528,300
-2.3133586122949827,bimodal,"Bimodal: mix of N(-2,0.5) and N(2,0.5)",Reject normality,0.0003888040091605186,2.0452364417270528,300
-1.5688032638086207,bimodal,"Bimodal: mix of N(-2,0.5) and N(2,0.5)",Reject normality,0.0003888040091605186,2.0452364417270528,300
-1.5234374773119566,bimodal,"Bimodal: mix of N(-2,0.5) and N(2,0.5)",Reject normality,0.0003888040091605186,2.0452364417270528,300
-1.7434572899513534,bimodal,"Bimodal: mix of N(-2,0.5) and N(2,0.5)",Reject normality,0.0003888040091605186,2.0452364417270528,300
-1.6374521065760015,bimodal,"Bimodal: mix of N(-2,0.5) and N(2,0.5)",Reject normality,0.0003888040091605186,2.0452364417270528,300
-1.7419108564425207,bimodal,"Bimodal: mix of N(-2,0.5) and N(2,0.5)",Reject normality,0.0003888040091605186,2.0452364417270528,300
-2.3207407976114762,bimodal,"Bimodal: mix of N(-2,0.5) and N(2,0.5)",Reject normality,0.0003888040091605186,2.0452364417270528,300
-1.7840387276630296,bimodal,"Bimodal: mix of N(-2,0.5) and N(2,0.5)",Reject normality,0.0003888040091605186,2.0452364417270528,300
-1.5997952373861588,bimodal,"Bimodal: mix of N(-2,0.5) and N(2,0.5)",Reject normality,0.0003888040091605186,2.0452364417270528,300
-1.6228543350932128,bimodal,"Bimodal: mix of N(-2,0.5) and N(2,0.5)",Reject normality,0.0003888040091605186,2.0452364417270528,300
-1.4055433142626785,bimodal,"Bimodal: mix of N(-2,0.5) and N(2,0.5)",Reject normality,0.0003888040091605186,2.0452364417270528,300
-1.645848076399468,bimodal,"Bimodal: mix of N(-2,0.5) and N(2,0.5)",Reject normality,0.0003888040091605186,2.0452364417270528,300
-1.8242758962292085,bimodal,"Bimodal: mix of N(-2,0.5) and N(2,0.5)",Reject normality,0.0003888040091605186,2.0452364417270528,300
-1.4649248808417863,bimodal,"Bimodal: mix of N(-2,0.5) and N(2,0.5)",Reject normality,0.0003888040091605186,2.0452364417270528,300
-2.01326062962453,bimodal,"Bimodal: mix of N(-2,0.5) and N(2,0.5)",Reject normality,0.0003888040091605186,2.0452364417270528,300
-2.440937325613859,bimodal,"Bimodal: mix of N(-2,0.5) and N(2,0.5)",Reject normality,0.0003888040091605186,2.0452364417270528,300
-2.081533481971882,bimodal,"Bimodal: mix of N(-2,0.5) and N(2,0.5)",Reject normality,0.0003888040091605186,2.0452364417270528,300
-2.3724513224032244,bimodal,"Bimodal: mix of N(-2,0.5) and N(2,0.5)",Reject normality,0.0003888040091605186,2.0452364417270528,300
-2.337589137487191,bimodal,"Bimodal: mix of N(-2,0.5) and N(2,0.5)",Reject normality,0.0003888040091605186,2.0452364417270528,300
-2.0722593353577587,bimodal,"Bimodal: mix of N(-2,0.5) and N(2,0.5)",Reject normality,0.0003888040091605186,2.0452364417270528,300
-2.3962099604999807,bimodal,"Bimodal: mix of N(-2,0.5) and N(2,0.5)",Reject normality,0.0003888040091605186,2.0452364417270528,300
-2.15398076481952,bimodal,"Bimodal: mix of N(-2,0.5) and N(2,0.5)",Reject normality,0.0003888040091605186,2.0452364417270528,300
-2.946807333476893,bimodal,"Bimodal: mix of N(-2,0.5) and N(2,0.5)",Reject normality,0.0003888040091605186,2.0452364417270528,300
-1.8933531463135307,bimodal,"Bimodal: mix of N(-2,0.5) and N(2,0.5)",Reject normality,0.0003888040091605186,2.0452364417270528,300
-1.9993972623188878,bimodal,"Bimodal: mix of N(-2,0.5) and N(2,0.5)",Reject normality,0.0003888040091605186,2.0452364417270528,300
-2.4085443155340953,bimodal,"Bimodal: mix of N(-2,0.5) and N(2,0.5)",Reject normality,0.0003888040091605186,2.0452364417270528,300
-1.6703771657837976,bimodal,"Bimodal: mix of N(-2,0.5) and N(2,0.5)",Reject normality,0.0003888040091605186,2.0452364417270528,300
-1.531214931186721,bimodal,"Bimodal: mix of N(-2,0.5) and N(2,0.5)",Reject normality,0.0003888040091605186,2.0452364417270528,300
-2.803779932184487,bimodal,"Bimodal: mix of N(-2,0.5) and N(2,0.5)",Reject normality,0.0003888040091605186,2.0452364417270528,300
-2.3813623892831073,bimodal,"Bimodal: mix of N(-2,0.5) and N(2,0.5)",Reject normality,0.0003888040091605186,2.0452364417270528,300
-2.384571174893649,bimodal,"Bimodal: mix of N(-2,0.5) and N(2,0.5)",Reject normality,0.0003888040091605186,2.0452364417270528,300
-2.4699515505544323,bimodal,"Bimodal: mix of N(-2,0.5) and N(2,0.5)",Reject normality,0.0003888040091605186,2.0452364417270528,300
-1.5852625790341257,bimodal,"Bimodal: mix of N(-2,0.5) and N(2,0.5)",Reject normality,0.0003888040091605186,2.0452364417270528,300
-2.0969130693864018,bimodal,"Bimodal: mix of N(-2,0.5) and N(2,0.5)",Reject normality,0.0003888040091605186,2.0452364417270528,300
-2.1322574206553053,bimodal,"Bimodal: mix of N(-2,0.5) and N(2,0.5)",Reject normality,0.0003888040091605186,2.0452364417270528,300
-3.0019311822033767,bimodal,"Bimodal: mix of N(-2,0.5) and N(2,0.5)",Reject normality,0.0003888040091605186,2.0452364417270528,300
-1.6822909848953869,bimodal,"Bimodal: mix of N(-2,0.5) and N(2,0.5)",Reject normality,0.0003888040091605186,2.0452364417270528,300
-2.619629197426736,bimodal,"Bimodal: mix of N(-2,0.5) and N(2,0.5)",Reject normality,0.0003888040091605186,2.0452364417270528,300
-1.9700336848668358,bimodal,"Bimodal: mix of N(-2,0.5) and N(2,0.5)",Reject normality,0.0003888040091605186,2.0452364417270528,300
-1.8613115310209039,bimodal,"Bimodal: mix of N(-2,0.5) and N(2,0.5)",Reject normality,0.0003888040091605186,2.0452364417270528,300
-1.3196707020806744,bimodal,"Bimodal: mix of N(-2,0.5) and N(2,0.5)",Reject normality,0.0003888040091605186,2.0452364417270528,300
-2.654410199559556,bimodal,"Bimodal: mix of N(-2,0.5) and N(2,0.5)",Reject normality,0.0003888040091605186,2.0452364417270528,300
-3.5097560779104127,bimodal,"Bimodal: mix of N(-2,0.5) and N(2,0.5)",Reject normality,0.0003888040091605186,2.0452364417270528,300
-1.9080752276231525,bimodal,"Bimodal: mix of N(-2,0.5) and N(2,0.5)",Reject normality,0.0003888040091605186,2.0452364417270528,300
-1.0997444092445732,bimodal,"Bimodal: mix of N(-2,0.5) and N(2,0.5)",Reject normality,0.0003888040091605186,2.0452364417270528,300
-1.3805268235302814,bimodal,"Bimodal: mix of N(-2,0.5) and N(2,0.5)",Reject normality,0.0003888040091605186,2.0452364417270528,300
-1.8951702923626872,bimodal,"Bimodal: mix of N(-2,0.5) and N(2,0.5)",Reject normality,0.0003888040091605186,2.0452364417270528,300
-2.2458180928160236,bimodal,"Bimodal: mix of N(-2,0.5) and N(2,0.5)",Reject normality,0.0003888040091605186,2.0452364417270528,300
-1.5964387016813448,bimodal,"Bimodal: mix of N(-2,0.5) and N(2,0.5)",Reject normality,0.0003888040091605186,2.0452364417270528,300
-2.4867730998522344,bimodal,"Bimodal: mix of N(-2,0.5) and N(2,0.5)",Reject normality,0.0003888040091605186,2.0452364417270528,300
-1.7618211153218906,bimodal,"Bimodal: mix of N(-2,0.5) and N(2,0.5)",Reject normality,0.0003888040091605186,2.0452364417270528,300
-1.7472649204166866,bimodal,"Bimodal: mix of N(-2,0.5) and N(2,0.5)",Reject normality,0.0003888040091605186,2.0452364417270528,300
-1.46989504625056,bimodal,"Bimodal: mix of N(-2,0.5) and N(2,0.5)",Reject normality,0.0003888040091605186,2.0452364417270528,300
-0.6201699805444612,bimodal,"Bimodal: mix of N(-2,0.5) and N(2,0.5)",Reject normality,0.0003888040091605186,2.0452364417270528,300
-1.8037920164106165,bimodal,"Bimodal: mix of N(-2,0.5) and N(2,0.5)",Reject normality,0.0003888040091605186,2.0452364417270528,300
-2.2544818128537494,bimodal,"Bimodal: mix of N(-2,0.5) and N(2,0.5)",Reject normality,0.0003888040091605186,2.0452364417270528,300
-2.0127871560959973,bimodal,"Bimodal: mix of N(-2,0.5) and N(2,0.5)",Reject normality,0.0003888040091605186,2.0452364417270528,300
-2.884537952444559,bimodal,"Bimodal: mix of N(-2,0.5) and N(2,0.5)",Reject normality,0.0003888040091605186,2.0452364417270528,300
-2.347356565544529,bimodal,"Bimodal: mix of N(-2,0.5) and N(2,0.5)",Reject normality,0.0003888040091605186,2.0452364417270528,300
-2.204641219056552,bimodal,"Bimodal: mix of N(-2,0.5) and N(2,0.5)",Reject normality,0.0003888040091605186,2.0452364417270528,300
-2.2620441989672964,bimodal,"Bimodal: mix of N(-2,0.5) and N(2,0.5)",Reject normality,0.0003888040091605186,2.0452364417270528,300
-1.923822563983139,bimodal,"Bimodal: mix of N(-2,0.5) and N(2,0.5)",Reject normality,0.0003888040091605186,2.0452364417270528,300
-2.4112099661911004,bimodal,"Bimodal: mix of N(-2,0.5) and N(2,0.5)",Reject normality,0.0003888040091605186,2.0452364417270528,300
-1.4394846663377643,bimodal,"Bimodal: mix of N(-2,0.5) and N(2,0.5)",Reject normality,0.0003888040091605186,2.0452364417270528,300
-1.9998964675409012,bimodal,"Bimodal: mix of N(-2,0.5) and N(2,0.5)",Reject normality,0.0003888040091605186,2.0452364417270528,300
-2.004650160569313,bimodal,"Bimodal: mix of N(-2,0.5) and N(2,0.5)",Reject normality,0.0003888040091605186,2.0452364417270528,300
-2.163947358256459,bimodal,"Bimodal: mix of N(-2,0.5) and N(2,0.5)",Reject normality,0.0003888040091605186,2.0452364417270528,300
-1.9224046580705105,bimodal,"Bimodal: mix of N(-2,0.5) and N(2,0.5)",Reject normality,0.0003888040091605186,2.0452364417270528,300
-1.5874508676661827,bimodal,"Bimodal: mix of N(-2,0.5) and N(2,0.5)",Reject normality,0.0003888040091605186,2.0452364417270528,300
-2.43356510785545,bimodal,"Bimodal: mix of N(-2,0.5) and N(2,0.5)",Reject normality,0.0003888040091605186,2.0452364417270528,300
-2.329058244537628,bimodal,"Bimodal: mix of N(-2,0.5) and N(2,0.5)",Reject normality,0.0003888040091605186,2.0452364417270528,300
-2.1518630143883324,bimodal,"Bimodal: mix of N(-2,0.5) and N(2,0.5)",Reject normality,0.0003888040091605186,2.0452364417270528,300
-2.6729354617366075,bimodal,"Bimodal: mix of N(-2,0.5) and N(2,0.5)",Reject normality,0.0003888040091605186,2.0452364417270528,300
-2.409628929860749,bimodal,"Bimodal: mix of N(-2,0.5) and N(2,0.5)",Reject normality,0.0003888040091605186,2.0452364417270528,300
-2.2381104367723292,bimodal,"Bimodal: mix of N(-2,0.5) and N(2,0.5)",Reject normality,0.0003888040091605186,2.0452364417270528,300
-1.5628054096436363,bimodal,"Bimodal: mix of N(-2,0.5) and N(2,0.5)",Reject normality,0.0003888040091605186,2.0452364417270528,300
-1.8687193354990375,bimodal,"Bimodal: mix of N(-2,0.5) and N(2,0.5)",Reject normality,0.0003888040091605186,2.0452364417270528,300
-1.9032050443162276,bimodal,"Bimodal: mix of N(-2,0.5) and N(2,0.5)",Reject normality,0.0003888040091605186,2.0452364417270528,300
-1.574551018916014,bimodal,"Bimodal: mix of N(-2,0.5) and N(2,0.5)",Reject normality,0.0003888040091605186,2.0452364417270528,300
-2.068685894199698,bimodal,"Bimodal: mix of N(-2,0.5) and N(2,0.5)",Reject normality,0.0003888040091605186,2.0452364417270528,300
-1.8047675750355552,bimodal,"Bimodal: mix of N(-2,0.5) and N(2,0.5)",Reject normality,0.0003888040091605186,2.0452364417270528,300
-2.051610876466248,bimodal,"Bimodal: mix of N(-2,0.5) and N(2,0.5)",Reject normality,0.0003888040091605186,2.0452364417270528,300
-1.8673188253001858,bimodal,"Bimodal: mix of N(-2,0.5) and N(2,0.5)",Reject normality,0.0003888040091605186,2.0452364417270528,300
-2.291379328805791,bimodal,"Bimodal: mix of N(-2,0.5) and N(2,0.5)",Reject normality,0.0003888040091605186,2.0452364417270528,300
-3.2194085791382143,bimodal,"Bimodal: mix of N(-2,0.5) and N(2,0.5)",Reject normality,0.0003888040091605186,2.0452364417270528,300
-2.067139581093152,bimodal,"Bimodal: mix of N(-2,0.5) and N(2,0.5)",Reject normality,0.0003888040091605186,2.0452364417270528,300
-1.28862593195003,bimodal,"Bimodal: mix of N(-2,0.5) and N(2,0.5)",Reject normality,0.0003888040091605186,2.0452364417270528,300
-1.536892298879204,bimodal,"Bimodal: mix of N(-2,0.5) and N(2,0.5)",Reject normality,0.0003888040091605186,2.0452364417270528,300
-1.5173012577044147,bimodal,"Bimodal: mix of N(-2,0.5) and N(2,0.5)",Reject normality,0.0003888040091605186,2.0452364417270528,300
-1.3819346390968912,bimodal,"Bimodal: mix of N(-2,0.5) and N(2,0.5)",Reject normality,0.0003888040091605186,2.0452364417270528,300
-1.9556712045192812,bimodal,"Bimodal: mix of N(-2,0.5) and N(2,0.5)",Reject normality,0.0003888040091605186,2.0452364417270528,300
-1.901342146297202,bimodal,"Bimodal: mix of N(-2,0.5) and N(2,0.5)",Reject normality,0.0003888040091605186,2.0452364417270528,300
-2.308825947717175,bimodal,"Bimodal: mix of N(-2,0.5) and N(2,0.5)",Reject normality,0.0003888040091605186,2.0452364417270528,300
-2.1580364280135247,bimodal,"Bimodal: mix of N(-2,0.5) and N(2,0.5)",Reject normality,0.0003888040091605186,2.0452364417270528,300
-1.692114425114429,bimodal,"Bimodal: mix of N(-2,0.5) and N(2,0.5)",Reject normality,0.0003888040091605186,2.0452364417270528,300
-1.398057781415592,bimodal,"Bimodal: mix of N(-2,0.5) and N(2,0.5)",Reject normality,0.0003888040091605186,2.0452364417270528,300
-2.0697231378404997,bimodal,"Bimodal: mix of N(-2,0.5) and N(2,0.5)",Reject normality,0.0003888040091605186,2.0452364417270528,300
1.7749053675742943,bimodal,"Bimodal: mix of N(-2,0.5) and N(2,0.5)",Reject normality,0.0003888040091605186,2.0452364417270528,300
2.000263979428299,bimodal,"Bimodal: mix of N(-2,0.5) and N(2,0.5)",Reject normality,0.0003888040091605186,2.0452364417270528,300
2.3006033744645578,bimodal,"Bimodal: mix of N(-2,0.5) and N(2,0.5)",Reject normality,0.0003888040091605186,2.0452364417270528,300
1.278072591933229,bimodal,"Bimodal: mix of N(-2,0.5) and N(2,0.5)",Reject normality,0.0003888040091605186,2.0452364417270528,300
0.8519095234313809,bimodal,"Bimodal: mix of N(-2,0.5) and N(2,0.5)",Reject normality,0.0003888040091605186,2.0452364417270528,300
1.7247315752542083,bimodal,"Bimodal: mix of N(-2,0.5) and N(2,0.5)",Reject normality,0.0003888040091605186,2.0452364417270528,300
1.3896437870429206,bimodal,"Bimodal: mix of N(-2,0.5) and N(2,0.5)",Reject normality,0.0003888040091605186,2.0452364417270528,300
1.7459299011763445,bimodal,"Bimodal: mix of N(-2,0.5) and N(2,0.5)",Reject normality,0.0003888040091605186,2.0452364417270528,300
1.9261098405912642,bimodal,"Bimodal: mix of N(-2,0.5) and N(2,0.5)",Reject normality,0.0003888040091605186,2.0452364417270528,300
1.7733757954884932,bimodal,"Bimodal: mix of N(-2,0.5) and N(2,0.5)",Reject normality,0.0003888040091605186,2.0452364417270528,300
2.7262337672353727,bimodal,"Bimodal: mix of N(-2,0.5) and N(2,0.5)",Reject normality,0.0003888040091605186,2.0452364417270528,300
2.16337238230116,bimodal,"Bimodal: mix of N(-2,0.5) and N(2,0.5)",Reject normality,0.0003888040091605186,2.0452364417270528,300
2.1502371798054143,bimodal,"Bimodal: mix of N(-2,0.5) and N(2,0.5)",Reject normality,0.0003888040091605186,2.0452364417270528,300
2.311103572021701,bimodal,"Bimodal: mix of N(-2,0.5) and N(2,0.5)",Reject normality,0.0003888040091605186,2.0452364417270528,300
1.4305834411096154,bimodal,"Bimodal: mix of N(-2,0.5) and N(2,0.5)",Reject normality,0.0003888040091605186,2.0452364417270528,300
2.5195558937101343,bimodal,"Bimodal: mix of N(-2,0.5) and N(2,0.5)",Reject normality,0.0003888040091605186,2.0452364417270528,300
1.9621178567322701,bimodal,"Bimodal: mix of N(-2,0.5) and N(2,0.5)",Reject normality,0.0003888040091605186,2.0452364417270528,300
2.335240308620606,bimodal,"Bimodal: mix of N(-2,0.5) and N(2,0.5)",Reject normality,0.0003888040091605186,2.0452364417270528,300
1.4640713834799222,bimodal,"Bimodal: mix of N(-2,0.5) and N(2,0.5)",Reject normality,0.0003888040091605186,2.0452364417270528,300
1.223120616991968,bimodal,"Bimodal: mix of N(-2,0.5) and N(2,0.5)",Reject normality,0.0003888040091605186,2.0452364417270528,300
2.408944829012514,bimodal,"Bimodal: mix of N(-2,0.5) and N(2,0.5)",Reject normality,0.0003888040091605186,2.0452364417270528,300
2.188204763048758,bimodal,"Bimodal: mix of N(-2,0.5) and N(2,0.5)",Reject normality,0.0003888040091605186,2.0452364417270528,300
1.5489742228212449,bimodal,"Bimodal: mix of N(-2,0.5) and N(2,0.5)",Reject normality,0.0003888040091605186,2.0452364417270528,300
1.5651684593626527,bimodal,"Bimodal: mix of N(-2,0.5) and N(2,0.5)",Reject normality,0.0003888040091605186,2.0452364417270528,300
2.562717392207385,bimodal,"Bimodal: mix of N(-2,0.5) and N(2,0.5)",Reject normality,0.0003888040091605186,2.0452364417270528,300
1.405294053566336,bimodal,"Bimodal: mix of N(-2,0.5) and N(2,0.5)",Reject normality,0.0003888040091605186,2.0452364417270528,300
2.8213364766279816,bimodal,"Bimodal: mix of N(-2,0.5) and N(2,0.5)",Reject normality,0.0003888040091605186,2.0452364417270528,300
1.5496896326760656,bimodal,"Bimodal: mix of N(-2,0.5) and N(2,0.5)",Reject normality,0.0003888040091605186,2.0452364417270528,300
2.3191959628041916,bimodal,"Bimodal: mix of N(-2,0.5) and N(2,0.5)",Reject normality,0.0003888040091605186,2.0452364417270528,300
1.8356907621255076,bimodal,"Bimodal: mix of N(-2,0.5) and N(2,0.5)",Reject normality,0.0003888040091605186,2.0452364417270528,300
2.3015937155411716,bimodal,"Bimodal: mix of N(-2,0.5) and N(2,0.5)",Reject normality,0.0003888040091605186,2.0452364417270528,300
1.7279429989429036,bimodal,"Bimodal: mix of N(-2,0.5) and N(2,0.5)",Reject normality,0.0003888040091605186,2.0452364417270528,300
1.918603546963853,bimodal,"Bimodal: mix of N(-2,0.5) and N(2,0.5)",Reject normality,0.0003888040091605186,2.0452364417270528,300
2.0204595876978604,bimodal,"Bimodal: mix of N(-2,0.5) and N(2,0.5)",Reject normality,0.0003888040091605186,2.0452364417270528,300
1.4989062721092636,bimodal,"Bimodal: mix of N(-2,0.5) and N(2,0.5)",Reject normality,0.0003888040091605186,2.0452364417270528,300
2.3704121727100627,bimodal,"Bimodal: mix of N(-2,0.5) and N(2,0.5)",Reject normality,0.0003888040091605186,2.0452364417270528,300
1.7433932167642074,bimodal,"Bimodal: mix of N(-2,0.5) and N(2,0.5)",Reject normality,0.0003888040091605186,2.0452364417270528,300
1.8857000423299908,bimodal,"Bimodal: mix of N(-2,0.5) and N(2,0.5)",Reject normality,0.0003888040091605186,2.0452364417270528,300
1.5028253126957438,bimodal,"Bimodal: mix of N(-2,0.5) and N(2,0.5)",Reject normality,0.0003888040091605186,2.0452364417270528,300
0.7188331706023448,bimodal,"Bimodal: mix of N(-2,0.5) and N(2,0.5)",Reject normality,0.0003888040091605186,2.0452364417270528,300
1.9044861186999156,bimodal,"Bimodal: mix of N(-2,0.5) and N(2,0.5)",Reject normality,0.0003888040091605186,2.0452364417270528,300
3.206307710806458,bimodal,"Bimodal: mix of N(-2,0.5) and N(2,0.5)",Reject normality,0.0003888040091605186,2.0452364417270528,300
2.3923021439490118,bimodal,"Bimodal: mix of N(-2,0.5) and N(2,0.5)",Reject normality,0.0003888040091605186,2.0452364417270528,300
1.9903698101328027,bimodal,"Bimodal: mix of N(-2,0.5) and N(2,0.5)",Reject normality,0.0003888040091605186,2.0452364417270528,300
1.868554585395866,bimodal,"Bimodal: mix of N(-2,0.5) and N(2,0.5)",Reject normality,0.0003888040091605186,2.0452364417270528,300
2.011232946406023,bimodal,"Bimodal: mix of N(-2,0.5) and N(2,0.5)",Reject normality,0.0003888040091605186,2.0452364417270528,300
2.273559557587605,bimodal,"Bimodal: mix of N(-2,0.5) and N(2,0.5)",Reject normality,0.0003888040091605186,2.0452364417270528,300
1.4095935923455776,bimodal,"Bimodal: mix of N(-2,0.5) and N(2,0.5)",Reject normality,0.0003888040091605186,2.0452364417270528,300
2.557160847334436,bimodal,"Bimodal: mix of N(-2,0.5) and N(2,0.5)",Reject normality,0.0003888040091605186,2.0452364417270528,300
2.357690657720622,bimodal,"Bimodal: mix of N(-2,0.5) and N(2,0.5)",Reject normality,0.0003888040091605186,2.0452364417270528,300
2.3590928628539674,bimodal,"Bimodal: mix of N(-2,0.5) and N(2,0.5)",Reject normality,0.0003888040091605186,2.0452364417270528,300
2.219237869404864,bimodal,"Bimodal: mix of N(-2,0.5) and N(2,0.5)",Reject normality,0.0003888040091605186,2.0452364417270528,300
2.009808328846995,bimodal,"Bimodal: mix of N(-2,0.5) and N(2,0.5)",Reject normality,0.0003888040091605186,2.0452364417270528,300
2.33643061798341,bimodal,"Bimodal: mix of N(-2,0.5) and N(2,0.5)",Reject normality,0.0003888040091605186,2.0452364417270528,300
2.295907066870689,bimodal,"Bimodal: mix of N(-2,0.5) and N(2,0.5)",Reject normality,0.0003888040091605186,2.0452364417270528,300
1.8229796445294881,bimodal,"Bimodal: mix of N(-2,0.5) and N(2,0.5)",Reject normality,0.0003888040091605186,2.0452364417270528,300
1.7131991135515494,bimodal,"Bimodal: mix of N(-2,0.5) and N(2,0.5)",Reject normality,0.0003888040091605186,2.0452364417270528,300
2.0509281476309935,bimodal,"Bimodal: mix of N(-2,0.5) and N(2,0.5)",Reject normality,0.0003888040091605186,2.0452364417270528,300
2.774510075747594,bimodal,"Bimodal: mix of N(-2,0.5) and N(2,0.5)",Reject normality,0.0003888040091605186,2.0452364417270528,300
1.3804464621730497,bimodal,"Bimodal: mix of N(-2,0.5) and N(2,0.5)",Reject normality,0.0003888040091605186,2.0452364417270528,300
1.26623736712378,bimodal,"Bimodal: mix of N(-2,0.5) and N(2,0.5)",Reject normality,0.0003888040091605186,2.0452364417270528,300
2.0823804206182586,bimodal,"Bimodal: mix of N(-2,0.5) and N(2,0.5)",Reject normality,0.0003888040091605186,2.0452364417270528,300
2.025443850928009,bimodal,"Bimodal: mix of N(-2,0.5) and N(2,0.5)",Reject normality,0.0003888040091605186,2.0452364417270528,300
2.086670832185204,bimodal,"Bimodal: mix of N(-2,0.5) and N(2,0.5)",Reject normality,0.0003888040091605186,2.0452364417270528,300
2.1219765989542503,bimodal,"Bimodal: mix of N(-2,0.5) and N(2,0.5)",Reject normality,0.0003888040091605186,2.0452364417270528,300
1.8883988726825975,bimodal,"Bimodal: mix of N(-2,0.5) and N(2,0.5)",Reject normality,0.0003888040091605186,2.0452364417270528,300
2.744931719301041,bimodal,"Bimodal: mix of N(-2,0.5) and N(2,0.5)",Reject normality,0.0003888040091605186,2.0452364417270528,300
1.1995480107617422,bimodal,"Bimodal: mix of N(-2,0.5) and N(2,0.5)",Reject normality,0.0003888040091605186,2.0452364417270528,300
1.585751487609877,bimodal,"Bimodal: mix of N(-2,0.5) and N(2,0.5)",Reject normality,0.0003888040091605186,2.0452364417270528,300
1.9483726199254763,bimodal,"Bimodal: mix of N(-2,0.5) and N(2,0.5)",Reject normality,0.0003888040091605186,2.0452364417270528,300
1.1784055944229164,bimodal,"Bimodal: mix of N(-2,0.5) and N(2,0.5)",Reject normality,0.0003888040091605186,2.0452364417270528,300
1.9120727977839644,bimodal,"Bimodal: mix of N(-2,0.5) and N(2,0.5)",Reject normality,0.0003888040091605186,2.0452364417270528,300
2.8307350828640088,bimodal,"Bimodal: mix of N(-2,0.5) and N(2,0.5)",Reject normality,0.0003888040091605186,2.0452364417270528,300
2.010443244147981,bimodal,"Bimodal: mix of N(-2,0.5) and N(2,0.5)",Reject normality,0.0003888040091605186,2.0452364417270528,300
2.115350452859342,bimodal,"Bimodal: mix of N(-2,0.5) and N(2,0.5)",Reject normality,0.0003888040091605186,2.0452364417270528,300
1.36991761741371,bimodal,"Bimodal: mix of N(-2,0.5) and N(2,0.5)",Reject normality,0.0003888040091605186,2.0452364417270528,300
1.6918192959802614,bimodal,"Bimodal: mix of N(-2,0.5) and N(2,0.5)",Reject normality,0.0003888040091605186,2.0452364417270528,300
1.8124018098380315,bimodal,"Bimodal: mix of N(-2,0.5) and N(2,0.5)",Reject normality,0.0003888040091605186,2.0452364417270528,300
1.841142451621883,bimodal,"Bimodal: mix of N(-2,0.5) and N(2,0.5)",Reject normality,0.0003888040091605186,2.0452364417270528,300
2.6408218975018842,bimodal,"Bimodal: mix of N(-2,0.5) and N(2,0.5)",Reject normality,0.0003888040091605186,2.0452364417270528,300
2.2788455303625623,bimodal,"Bimodal: mix of N(-2,0.5) and N(2,0.5)",Reject normality,0.0003888040091605186,2.0452364417270528,300
1.444271021531484,bimodal,"Bimodal: mix of N(-2,0.5) and N(2,0.5)",Reject normality,0.0003888040091605186,2.0452364417270528,300
2.1232523892160025,bimodal,"Bimodal: mix of N(-2,0.5) and N(2,0.5)",Reject normality,0.0003888040091605186,2.0452364417270528,300
2.2491108742483927,bimodal,"Bimodal: mix of N(-2,0.5) and N(2,0.5)",Reject normality,0.0003888040091605186,2.0452364417270528,300
2.570074519260633,bimodal,"Bimodal: mix of N(-2,0.5) and N(2,0.5)",Reject normality,0.0003888040091605186,2.0452364417270528,300
2.790270343284187,bimodal,"Bimodal: mix of N(-2,0.5) and N(2,0.5)",Reject normality,0.0003888040091605186,2.0452364417270528,300
1.4924529040860657,bimodal,"Bimodal: mix of N(-2,0.5) and N(2,0.5)",Reject normality,0.0003888040091605186,2.0452364417270528,300
1.5945712443948308,bimodal,"Bimodal: mix of N(-2,0.5) and N(2,0.5)",Reject normality,0.0003888040091605186,2.0452364417270528,300
1.3712110705426919,bimodal,"Bimodal: mix of N(-2,0.5) and N(2,0.5)",Reject normality,0.0003888040091605186,2.0452364417270528,300
1.8829900704465095,bimodal,"Bimodal: mix of N(-2,0.5) and N(2,0.5)",Reject normality,0.0003888040091605186,2.0452364417270528,300
2.233179187223167,bimodal,"Bimodal: mix of N(-2,0.5) and N(2,0.5)",Reject normality,0.0003888040091605186,2.0452364417270528,300
2.493667258294551,bimodal,"Bimodal: mix of N(-2,0.5) and N(2,0.5)",Reject normality,0.0003888040091605186,2.0452364417270528,300
1.9620244881787385,bimodal,"Bimodal: mix of N(-2,0.5) and N(2,0.5)",Reject normality,0.0003888040091605186,2.0452364417270528,300
1.840076238372578,bimodal,"Bimodal: mix of N(-2,0.5) and N(2,0.5)",Reject normality,0.0003888040091605186,2.0452364417270528,300
2.07587899612437,bimodal,"Bimodal: mix of N(-2,0.5) and N(2,0.5)",Reject normality,0.0003888040091605186,2.0452364417270528,300
1.5824285491849885,bimodal,"Bimodal: mix of N(-2,0.5) and N(2,0.5)",Reject normality,0.0003888040091605186,2.0452364417270528,300
3.0447693608473867,bimodal,"Bimodal: mix of N(-2,0.5) and N(2,0.5)",Reject normality,0.0003888040091605186,2.0452364417270528,300
1.1961694864409707,bimodal,"Bimodal: mix of N(-2,0.5) and N(2,0.5)",Reject normality,0.0003888040091605186,2.0452364417270528,300
2.0923702894478624,bimodal,"Bimodal: mix of N(-2,0.5) and N(2,0.5)",Reject normality,0.0003888040091605186,2.0452364417270528,300
3.01180310961482,bimodal,"Bimodal: mix of N(-2,0.5) and N(2,0.5)",Reject normality,0.0003888040091605186,2.0452364417270528,300
2.003399922279999,bimodal,"Bimodal: mix of N(-2,0.5) and N(2,0.5)",Reject normality,0.0003888040091605186,2.0452364417270528,300
1.9049804824992527,bimodal,"Bimodal: mix of N(-2,0.5) and N(2,0.5)",Reject normality,0.0003888040091605186,2.0452364417270528,300
1.8212772885947863,bimodal,"Bimodal: mix of N(-2,0.5) and N(2,0.5)",Reject normality,0.0003888040091605186,2.0452364417270528,300
1.9098041591187962,bimodal,"Bimodal: mix of N(-2,0.5) and N(2,0.5)",Reject normality,0.0003888040091605186,2.0452364417270528,300
2.686424237338265,bimodal,"Bimodal: mix of N(-2,0.5) and N(2,0.5)",Reject normality,0.0003888040091605186,2.0452364417270528,300
0.8940690443352466,bimodal,"Bimodal: mix of N(-2,0.5) and N(2,0.5)",Reject normality,0.0003888040091605186,2.0452364417270528,300
2.7667168506481628,bimodal,"Bimodal: mix of N(-2,0.5) and N(2,0.5)",Reject normality,0.0003888040091605186,2.0452364417270528,300
1.2880214237749275,bimodal,"Bimodal: mix of N(-2,0.5) and N(2,0.5)",Reject normality,0.0003888040091605186,2.0452364417270528,300
1.8666738353827925,bimodal,"Bimodal: mix of N(-2,0.5) and N(2,0.5)",Reject normality,0.0003888040091605186,2.0452364417270528,300
1.785377789850669,bimodal,"Bimodal: mix of N(-2,0.5) and N(2,0.5)",Reject normality,0.0003888040091605186,2.0452364417270528,300
2.29427663488536,bimodal,"Bimodal: mix of N(-2,0.5) and N(2,0.5)",Reject normality,0.0003888040091605186,2.0452364417270528,300
1.2009378240581263,bimodal,"Bimodal: mix of N(-2,0.5) and N(2,0.5)",Reject normality,0.0003888040091605186,2.0452364417270528,300
2.2310863330409716,bimodal,"Bimodal: mix of N(-2,0.5) and N(2,0.5)",Reject normality,0.0003888040091605186,2.0452364417270528,300
3.012154811643426,bimodal,"Bimodal: mix of N(-2,0.5) and N(2,0.5)",Reject normality,0.0003888040091605186,2.0452364417270528,300
1.3184129977035948,bimodal,"Bimodal: mix of N(-2,0.5) and N(2,0.5)",Reject normality,0.0003888040091605186,2.0452364417270528,300
2.094853083805198,bimodal,"Bimodal: mix of N(-2,0.5) and N(2,0.5)",Reject normality,0.0003888040091605186,2.0452364417270528,300
1.6690089111016955,bimodal,"Bimodal: mix of N(-2,0.5) and N(2,0.5)",Reject normality,0.0003888040091605186,2.0452364417270528,300
2.2129436030965177,bimodal,"Bimodal: mix of N(-2,0.5) and N(2,0.5)",Reject normality,0.0003888040091605186,2.0452364417270528,300
2.0095738887078762,bimodal,"Bimodal: mix of N(-2,0.5) and N(2,0.5)",Reject normality,0.0003888040091605186,2.0452364417270528,300
1.6792565454778452,bimodal,"Bimodal: mix of N(-2,0.5) and N(2,0.5)",Reject normality,0.0003888040091605186,2.0452364417270528,300
2.243936142435537,bimodal,"Bimodal: mix of N(-2,0.5) and N(2,0.5)",Reject normality,0.0003888040091605186,2.0452364417270528,300
2.9021740548933717,bimodal,"Bimodal: mix of N(-2,0.5) and N(2,0.5)",Reject normality,0.0003888040091605186,2.0452364417270528,300
1.9045481041363506,bimodal,"Bimodal: mix of N(-2,0.5) and N(2,0.5)",Reject normality,0.0003888040091605186,2.0452364417270528,300
2.359878971074091,bimodal,"Bimodal: mix of N(-2,0.5) and N(2,0.5)",Reject normality,0.0003888040091605186,2.0452364417270528,300
1.3533635210644182,bimodal,"Bimodal: mix of N(-2,0.5) and N(2,0.5)",Reject normality,0.0003888040091605186,2.0452364417270528,300
1.5217818115909956,bimodal,"Bimodal: mix of N(-2,0.5) and N(2,0.5)",Reject normality,0.0003888040091605186,2.0452364417270528,300
2.236203138940189,bimodal,"Bimodal: mix of N(-2,0.5) and N(2,0.5)",Reject normality,0.0003888040091605186,2.0452364417270528,300
2.7420580142679825,bimodal,"Bimodal: mix of N(-2,0.5) and N(2,0.5)",Reject normality,0.0003888040091605186,2.0452364417270528,300
2.17780667439283,bimodal,"Bimodal: mix of N(-2,0.5) and N(2,0.5)",Reject normality,0.0003888040091605186,2.0452364417270528,300
1.8434709847384227,bimodal,"Bimodal: mix of N(-2,0.5) and N(2,0.5)",Reject normality,0.0003888040091605186,2.0452364417270528,300
1.999645702711677,bimodal,"Bimodal: mix of N(-2,0.5) and N(2,0.5)",Reject normality,0.0003888040091605186,2.0452364417270528,300
1.3747961330151413,bimodal,"Bimodal: mix of N(-2,0.5) and N(2,0.5)",Reject normality,0.0003888040091605186,2.0452364417270528,300
2.3022576631776834,bimodal,"Bimodal: mix of N(-2,0.5) and N(2,0.5)",Reject normality,0.0003888040091605186,2.0452364417270528,300
2.441166531161705,bimodal,"Bimodal: mix of N(-2,0.5) and N(2,0.5)",Reject normality,0.0003888040091605186,2.0452364417270528,300
1.7739548335834598,bimodal,"Bimodal: mix of N(-2,0.5) and N(2,0.5)",Reject normality,0.0003888040091605186,2.0452364417270528,300
1.7649789261202493,bimodal,"Bimodal: mix of N(-2,0.5) and N(2,0.5)",Reject normality,0.0003888040091605186,2.0452364417270528,300
2.132939114826024,bimodal,"Bimodal: mix of N(-2,0.5) and N(2,0.5)",Reject normality,0.0003888040091605186,2.0452364417270528,300
1.7816401319797022,bimodal,"Bimodal: mix of N(-2,0.5) and N(2,0.5)",Reject normality,0.0003888040091605186,2.0452364417270528,300
1.9669336926870888,bimodal,"Bimodal: mix of N(-2,0.5) and N(2,0.5)",Reject normality,0.0003888040091605186,2.0452364417270528,300
3.049860894583258,bimodal,"Bimodal: mix of N(-2,0.5) and N(2,0.5)",Reject normality,0.0003888040091605186,2.0452364417270528,300
1.8764871496270017,bimodal,"Bimodal: mix of N(-2,0.5) and N(2,0.5)",Reject normality,0.0003888040091605186,2.0452364417270528,300
1.8208299239893888,bimodal,"Bimodal: mix of N(-2,0.5) and N(2,0.5)",Reject normality,0.0003888040091605186,2.0452364417270528,300
1.6762290971824203,bimodal,"Bimodal: mix of N(-2,0.5) and N(2,0.5)",Reject normality,0.0003888040091605186,2.0452364417270528,300
2.3720959857499686,bimodal,"Bimodal: mix of N(-2,0.5) and N(2,0.5)",Reject normality,0.0003888040091605186,2.0452364417270528,300
1.9093879133909486,bimodal,"Bimodal: mix of N(-2,0.5) and N(2,0.5)",Reject normality,0.0003888040091605186,2.0452364417270528,300
1.675313480839287,bimodal,"Bimodal: mix of N(-2,0.5) and N(2,0.5)",Reject normality,0.0003888040091605186,2.0452364417270528,300
2.660652016136506,bimodal,"Bimodal: mix of N(-2,0.5) and N(2,0.5)",Reject normality,0.0003888040091605186,2.0452364417270528,300
2.7098015022568185,bimodal,"Bimodal: mix of N(-2,0.5) and N(2,0.5)",Reject normality,0.0003888040091605186,2.0452364417270528,300
1.6997882171306475,bimodal,"Bimodal: mix of N(-2,0.5) and N(2,0.5)",Reject normality,0.0003888040091605186,2.0452364417270528,300
1.0667300243196918,bimodal,"Bimodal: mix of N(-2,0.5) and N(2,0.5)",Reject normality,0.0003888040091605186,2.0452364417270528,300
